date,avg_sentiment
2017-09-10,0.9911
2017-11-13,0.0
2017-11-22,0.0
2017-11-28,0.0
2017-12-07,0.42865
2017-12-09,0.5859
2017-12-10,0.0
2017-12-13,0.0
2017-12-15,0.0
2017-12-17,0.1759
2017-12-18,0.25
2017-12-20,-0.8427
2017-12-22,0.4932
2017-12-24,0.8436
2017-12-25,0.5105500000000001
2017-12-26,0.6705
2017-12-30,0.9933
2017-12-31,0.9692
2018-01-02,0.0
2018-01-03,0.9986
2018-01-05,0.6114
2018-01-06,-0.4215
2018-01-07,0.0
2018-01-08,-0.59735
2018-01-10,0.0
2018-01-11,-0.7003
2018-01-12,-0.39775000000000005
2018-01-15,-0.35015
2018-01-16,0.0
2018-01-17,0.6532333333333333
2018-01-18,0.8011999999999999
2018-01-19,0.0
2018-01-20,-0.4585
2018-01-22,0.7424
2018-01-25,0.0
2018-01-27,0.2497
2018-01-29,-0.2255
2018-01-31,0.0
2018-02-01,-0.14576666666666668
2018-02-02,0.0
2018-02-03,0.979
2018-02-05,0.9985
2018-02-06,0.40195
2018-02-09,-0.24785000000000001
2018-02-10,-0.9987
2018-02-11,0.2023
2018-02-12,0.9314
2018-02-17,0.3089
2018-02-22,-0.5903
2018-02-23,-0.081
2018-02-26,0.9985
2018-02-28,0.0
2018-03-01,0.3802
2018-03-02,0.0258
2018-03-08,0.9744
2018-03-11,0.0
2018-03-18,0.4897
2018-03-19,0.3612
2018-03-21,0.0516
2018-03-25,0.1779
2018-03-27,0.0516
2018-03-28,0.0
2018-04-03,-0.8176
2018-04-06,0.0
2018-04-17,0.0
2018-04-18,-0.5106
2018-04-25,-0.3818
2018-04-26,0.4927
2018-05-01,0.0
2018-05-08,0.0
2018-05-17,-0.4854
2018-05-18,-0.4019
2018-05-25,0.0
2018-05-30,0.2023
2018-06-13,-0.5423
2018-06-16,0.3612
2018-06-24,-0.4023
2018-06-26,-0.5574
2018-07-05,0.0
2018-07-18,0.3818
2018-07-19,-0.7003
2018-07-26,0.7906
2018-08-09,-0.4069
2018-08-10,0.0
2018-12-06,0.128
2019-01-01,0.6705
2019-02-02,0.7418
2019-05-08,-0.481
2019-06-14,0.0
2019-06-18,0.4215
2019-06-19,0.0
2019-06-21,0.0
2019-06-26,0.0
2019-07-10,0.0
2019-07-12,0.1124
2019-08-20,-0.3612
2020-03-09,-0.8398
2020-03-12,0.0
2020-04-25,0.0
2020-06-09,0.0
2020-07-18,0.0
2020-07-20,0.2732
2020-09-07,0.0
2020-11-23,0.0
2020-12-24,0.0
2020-12-26,0.46085
2020-12-30,0.947
2021-01-06,0.9343
2021-01-09,0.4215
2021-01-19,0.48505
2021-01-20,0.0
2021-01-21,0.0
2021-01-25,0.8853
2021-01-27,0.7876
2021-01-28,0.08215
2021-01-29,0.0
2021-01-30,0.2716
2021-01-31,-0.6227
2021-02-01,-0.9922
2021-02-02,0.9382
2021-02-03,0.8376666666666667
2021-02-04,0.7368
2021-02-05,-0.954
2021-02-06,0.2294
2021-02-07,0.9459
2021-02-08,0.9678
2021-02-09,0.021050000000000013
2021-02-10,0.4982
2021-02-11,0.6507666666666667
2021-02-12,0.48435
2021-02-13,0.17020000000000002
2021-02-15,0.997
2021-02-16,0.8494666666666667
2021-02-17,0.7575666666666666
2021-02-18,0.4753
2021-02-19,-0.8658
2021-02-20,0.12040000000000001
2021-02-22,0.97565
2021-02-23,-0.1729
2021-02-24,0.6362
2021-02-25,0.45265
2021-02-26,0.9564
2021-02-27,0.0
2021-03-01,-0.41605
2021-03-02,0.5839
2021-03-03,0.6625
2021-03-04,0.7956000000000001
2021-03-05,0.91805
2021-03-06,0.9982
2021-03-07,0.9651
2021-03-08,0.75
2021-03-10,-0.9017
2021-03-11,0.0044333333333333265
2021-03-12,-0.3506
2021-03-13,-0.24695
2021-03-14,-0.296
2021-03-15,0.26335
2021-03-16,0.508
2021-03-17,0.8514
2021-03-18,0.4449
2021-03-19,-0.44775
2021-03-20,0.9961
2021-03-21,-0.23954999999999999
2021-03-22,0.8776
2021-03-23,-0.53365
2021-03-24,0.39195
2021-03-25,0.8311666666666667
2021-03-26,0.6831
2021-03-27,0.9986
2021-03-28,0.9734
2021-03-29,0.9915
2021-03-30,0.0
2021-03-31,0.99075
2021-04-01,-0.2709
2021-04-02,0.15090000000000003
2021-04-03,-0.8947
2021-04-04,0.54265
2021-04-05,0.8122
2021-04-06,0.3397
2021-04-07,-0.5574
2021-04-08,0.9774
2021-04-09,0.8005
2021-04-11,0.9921
2021-04-12,0.9081
2021-04-13,0.9503
2021-04-14,-0.08713333333333334
2021-04-15,0.7992
2021-04-16,0.6604
2021-04-17,0.692
2021-04-18,0.00605
2021-04-19,0.5664666666666667
2021-04-20,0.9909
2021-04-21,0.9358500000000001
2021-04-22,0.6892999999999999
2021-04-23,-0.10420000000000001
2021-04-24,-0.8181499999999999
2021-04-25,0.886
2021-04-26,0.299575
2021-04-27,-0.1806
2021-04-28,0.05890000000000001
2021-04-29,0.9902
2021-04-30,0.9787
2021-05-01,0.9077
2021-05-02,0.2766
2021-05-03,0.3982444444444444
2021-05-04,0.0
2021-05-05,0.453125
2021-05-06,0.037849999999999995
2021-05-07,0.9661
2021-05-08,-0.8847
2021-05-09,0.04025000000000001
2021-05-10,0.6362
2021-05-11,0.90695
2021-05-12,-0.4814
2021-05-13,-0.10394999999999999
2021-05-14,0.3243
2021-05-15,0.62725
2021-05-16,0.2965666666666667
2021-05-18,0.11593333333333333
2021-05-19,0.40318000000000004
2021-05-20,0.25434
2021-05-21,-0.46913333333333335
2021-05-22,-0.47406666666666664
2021-05-23,0.41725
2021-05-24,0.34359999999999996
2021-05-25,0.44463333333333327
2021-05-26,0.5988249999999999
2021-05-27,0.02523333333333333
2021-05-28,0.7684
2021-05-29,0.60925
2021-05-30,0.6734
2021-05-31,0.42775
2021-06-01,0.95085
2021-06-02,0.23300000000000004
2021-06-03,0.9666
2021-06-04,0.6369
2021-06-05,0.07955000000000001
2021-06-06,0.2755
2021-06-07,0.39995
2021-06-08,-0.254375
2021-06-09,0.6890666666666667
2021-06-10,0.37716666666666665
2021-06-11,0.5882
2021-06-12,0.0129
2021-06-13,-0.05835000000000001
2021-06-14,0.010399999999999993
2021-06-15,0.38845
2021-06-16,-0.04829999999999999
2021-06-18,0.6523
2021-06-19,0.0
2021-06-20,0.34613333333333335
2021-06-21,0.93065
2021-06-22,0.009099999999999997
2021-06-23,-0.14455
2021-06-25,0.1618
2021-06-27,0.673
2021-06-28,-0.37565
2021-06-29,0.9027
2021-06-30,0.631
2021-07-01,-0.8194
2021-07-03,0.8837
2021-07-04,-0.6249
2021-07-05,0.45975
2021-07-06,0.644
2021-07-07,-0.0386
2021-07-08,0.9959
2021-07-11,0.9311
2021-07-12,0.3405
2021-07-13,0.0832
2021-07-15,0.0
2021-07-16,0.345
2021-07-18,0.765
2021-07-19,0.31855
2021-07-20,-0.9565
2021-07-21,0.7157
2021-07-23,0.40635
2021-07-24,0.0
2021-07-25,0.1779
2021-07-26,0.9069
2021-07-27,0.7202500000000001
2021-07-28,-0.11535000000000001
2021-07-30,0.0
2021-08-01,0.0
2021-08-02,0.9992
2021-08-03,0.0
2021-08-04,-0.3818
2021-08-06,0.7496499999999999
2021-08-07,0.2632
2021-08-08,0.94685
2021-08-09,0.25
2021-08-10,-0.6268750000000001
2021-08-11,0.7615
2021-08-12,0.0
2021-08-13,-0.6979
2021-08-14,0.784
2021-08-15,0.14635000000000004
2021-08-16,-0.7364
2021-08-17,0.0
2021-08-18,0.042700000000000016
2021-08-19,-0.128
2021-08-21,0.0772
2021-08-22,0.7632
2021-08-23,0.5106
2021-08-24,0.8478
2021-08-26,-0.89
2021-08-27,0.6752
2021-08-28,0.9936
2021-08-29,0.0
2021-08-30,-0.59745
2021-08-31,0.20875000000000002
2021-09-01,-0.5859
2021-09-02,0.76295
2021-09-04,0.49465
2021-09-05,0.9408
2021-09-06,0.959
2021-09-07,0.41319999999999996
2021-09-08,-0.5859
2021-09-09,0.0
2021-09-10,-0.8509
2021-09-11,0.9802
2021-09-12,0.35203333333333336
2021-09-13,0.9982
2021-09-14,0.17055
2021-09-15,0.0
2021-09-16,0.9379500000000001
2021-09-17,-0.9755
2021-09-18,0.3626
2021-09-19,-0.959
2021-09-20,-0.5859
2021-09-21,-0.14880000000000002
2021-09-22,-0.9766
2021-09-23,0.0
2021-09-24,0.28595
2021-09-25,-0.1806
2021-09-26,-0.6003
2021-09-29,-0.64805
2021-10-01,0.9873
2021-10-02,0.9873
2021-10-03,-0.09719999999999998
2021-10-05,-0.9611
2021-10-06,-0.9546
2021-10-08,-0.70355
2021-10-09,0.9834
2021-10-10,0.974
2021-10-11,-0.296
2021-10-12,0.9681
2021-10-13,-0.0059
2021-10-14,-0.23835
2021-10-15,0.48025
2021-10-16,0.4019
2021-10-17,-0.5471
2021-10-18,0.8025
2021-10-19,0.0
2021-10-20,0.9744999999999999
2021-10-21,0.9915
2021-10-23,-0.4981
2021-10-24,0.51365
2021-10-25,-0.6249
2021-10-26,0.26165
2021-10-27,0.024999999999999967
2021-10-28,0.9262
2021-10-29,0.0772
2021-10-30,0.54735
2021-10-31,0.27523333333333333
2021-11-01,0.6448
2021-11-02,-0.87785
2021-11-04,0.9929
2021-11-05,0.9515
2021-11-06,0.8324
2021-11-07,-0.3818
2021-11-08,0.9538
2021-11-09,0.7382
2021-11-10,0.1559
2021-11-11,0.28425
2021-11-12,-0.0311
2021-11-13,0.38865
2021-11-15,-0.2263
2021-11-16,0.67395
2021-11-17,0.9302
2021-11-18,0.9638
2021-11-19,0.0
2021-11-20,-0.9772
2021-11-21,0.898
2021-11-23,0.0011500000000000399
2021-11-24,0.8541
2021-11-25,0.9979
2021-11-26,0.24526666666666666
2021-11-27,-0.9397
2021-11-28,-0.7399
2021-11-29,0.9672
2021-11-30,0.9212499999999999
2021-12-01,-0.32575
2021-12-02,0.4678
2021-12-03,0.9419
2021-12-04,0.4042666666666667
2021-12-05,0.02210000000000001
2021-12-06,0.0005999999999999894
2021-12-07,-0.0258
2021-12-08,0.7936
2021-12-09,0.905
2021-12-10,0.7036
2021-12-11,0.1901
2021-12-12,-0.1853
2021-12-13,0.9318500000000001
2021-12-14,0.9265
2021-12-15,-0.9341999999999999
2021-12-16,0.47755
2021-12-17,0.5441
2021-12-18,-0.9909
2021-12-19,-0.7184
2021-12-20,0.751
2021-12-21,0.3182
2021-12-22,0.9827
2021-12-24,-0.9882
2021-12-25,0.47735
2021-12-26,0.06165000000000001
2021-12-27,0.5994
2021-12-28,0.4925
2021-12-30,0.43225
2021-12-31,0.0
2022-01-01,0.944
2022-01-02,0.8862
2022-01-04,-0.67155
2022-01-05,0.7099
2022-01-06,0.029300000000000048
2022-01-07,-0.81
2022-01-08,-0.7013499999999999
2022-01-09,-0.84355
2022-01-10,0.31174999999999997
2022-01-11,-0.8645
2022-01-12,0.9715
2022-01-13,0.9993
2022-01-14,0.0
2022-01-16,0.9464
2022-01-17,-0.7631
2022-01-18,-0.67275
2022-01-19,0.9489
2022-01-20,0.9745999999999999
2022-01-21,0.93985
2022-01-22,-0.3038
2022-01-23,-0.7013000000000001
2022-01-25,0.7184
2022-01-26,0.7981
2022-01-27,0.6541
2022-01-28,0.47814999999999996
2022-01-29,-0.6513
2022-01-31,0.6065
2022-02-01,-0.08384999999999998
2022-02-02,0.08224999999999999
2022-02-03,0.63215
2022-02-04,-0.1435
2022-02-05,0.0
2022-02-06,0.054800000000000015
2022-02-08,-0.4909
2022-02-09,0.9953
2022-02-10,0.9945
2022-02-11,0.0
2022-02-13,-0.4749
2022-02-14,0.4885
2022-02-15,0.45415
2022-02-16,0.5577666666666666
2022-02-18,0.7522
2022-02-19,0.44975
2022-02-20,0.3531
2022-02-21,-0.5423
2022-02-22,-0.6151
2022-02-23,-0.5859
2022-02-24,0.1548
2022-02-26,0.5347500000000001
2022-02-27,0.9528
2022-02-28,0.11315
2022-03-01,-0.05560000000000004
2022-03-02,-0.9387
2022-03-04,-0.5106
2022-03-05,0.0
2022-03-06,-0.8375
2022-03-07,-0.4404
2022-03-08,-0.7783
2022-03-09,-0.0772
2022-03-10,-0.47295
2022-03-11,0.3979
2022-03-12,0.27685
2022-03-13,-0.8274
2022-03-14,0.9776
2022-03-15,0.43920000000000003
2022-03-16,0.46075
2022-03-17,0.6469
2022-03-18,-0.34
2022-03-19,0.8683
2022-03-20,-0.4829
2022-03-21,-0.4215
2022-03-22,0.0
2022-03-23,-0.5267
2022-03-25,-0.9467
2022-03-26,0.9706
2022-03-28,0.0
2022-03-30,0.0
2022-03-31,0.5346
2022-04-01,0.6908
2022-04-03,-0.974
2022-04-07,-0.4946
2022-04-08,0.1366
2022-04-13,-0.15084999999999998
2022-04-20,0.1336
2022-04-22,0.0010499999999999954
2022-04-23,0.7993
2022-04-26,0.9985
2022-04-27,0.9706
2022-04-30,0.0762
2022-05-06,-0.31245
2022-05-11,0.8677
2022-05-12,0.49043333333333333
2022-05-16,0.2263
2022-05-17,-0.72985
2022-05-18,-0.3182
2022-05-19,0.9884
2022-05-20,0.0258
2022-05-21,0.9028
2022-05-22,0.8373
2022-05-26,0.9968
2022-05-27,-0.4698
2022-05-28,-0.9109
2022-05-29,-0.9529
2022-05-31,-0.6751
2022-06-01,-0.6116
2022-06-02,0.8901
2022-06-05,0.0
2022-06-11,0.6656
2022-06-12,0.6045
2022-06-13,0.0
2022-06-14,0.9942
2022-06-15,-0.3182
2022-06-16,0.0
2022-06-17,-0.9757
2022-06-18,0.3868
2022-06-19,-0.9679
2022-06-26,0.5267
2022-07-03,-0.5293
2022-07-05,0.0
2022-07-06,0.0
2022-07-11,0.0
2022-07-13,0.0
2022-07-18,0.7902
2022-07-19,-0.04254999999999998
2022-07-21,0.9889
2022-07-26,-0.2341
2022-07-29,0.0
2022-08-11,0.7269
2022-08-17,-0.7906
2022-08-24,0.0
2022-08-30,-0.34
2022-09-15,0.0
2022-09-23,0.0
2022-09-30,-0.7881
2022-10-03,-0.2732
2022-10-06,0.7149
2022-10-07,-0.9394
2022-10-10,0.0
2022-10-27,0.0
2022-11-01,-0.9638
2022-11-09,-0.0598
2022-11-11,0.0
2022-11-12,0.8213
2022-11-13,-0.4019
2022-11-14,-0.9062
2022-11-16,-0.0516
2022-11-17,-0.5983
2022-11-18,0.0
2022-11-19,-0.7461
2022-11-20,-0.7003
2022-11-23,-0.8689
2022-11-24,0.11315
2022-11-28,0.0
2022-12-01,-0.7096
2022-12-03,0.0
2022-12-04,-0.5994
2022-12-05,-0.5106
2022-12-06,0.0
2022-12-09,0.25
2022-12-11,-0.2553
2022-12-12,-0.4767
2022-12-13,0.0
2022-12-15,-0.9931
2022-12-16,-0.3715
2022-12-17,0.1901
2022-12-18,0.8374
2022-12-19,-0.1027
2022-12-20,0.0
2022-12-22,0.1027
2022-12-23,-0.1027
2022-12-25,-0.296
2022-12-30,-0.9004
2023-01-03,-0.296
2023-01-04,-0.8225
2023-01-13,0.4588
2023-02-16,0.0
2023-03-04,0.8553
2023-03-11,0.0
2023-03-24,0.0
2023-03-31,-0.9666
2023-12-05,0.9464
2023-12-06,0.6179333333333333
2023-12-07,0.9464
2023-12-08,0.9464
2023-12-09,0.9464
2023-12-10,0.9026333333333333
2023-12-11,0.1316
2023-12-12,0.9464
2023-12-13,0.9464
2023-12-14,0.9464
2023-12-15,0.9464
2023-12-16,0.9464
2023-12-17,0.9464
2023-12-18,0.97285
2023-12-19,0.9464
2023-12-20,0.9464
2023-12-21,0.4732
2023-12-22,0.9464
2023-12-23,0.9464
2023-12-24,0.9464
2023-12-25,0.9464
2023-12-26,0.11185
2023-12-27,0.08755000000000002
2023-12-28,0.9464
2023-12-29,0.9464
2023-12-30,0.9464
2023-12-31,0.4732
2024-01-01,0.9410000000000001
2024-01-02,0.9464
2024-01-03,0.9464
2024-01-04,0.9464
2024-01-05,0.9464
2024-01-06,0.90845
2024-01-07,0.9464
2024-01-08,0.5631
2024-01-09,0.9464
2024-01-10,0.9464
2024-01-11,0.66906
2024-01-12,0.9464
2024-01-13,0.8488
2024-01-14,0.9464
2024-01-15,0.9054500000000001
2024-01-16,0.9464
2024-01-17,0.9464
2024-01-18,0.9464
2024-01-19,0.9464
2024-01-20,0.9714
2024-01-21,0.9464
2024-01-22,0.9464
2024-01-23,0.9464
2024-01-24,0.9155500000000001
2024-01-25,0.9464
2024-01-26,0.9464
2024-01-27,0.9464
2024-01-28,0.9464
2024-01-29,0.9464
2024-01-30,0.9464
2024-01-31,0.9464
2024-02-01,0.9410000000000001
2024-02-02,0.86545
2024-02-03,0.9464
2024-02-04,0.9464
2024-02-05,0.9464
2024-02-06,0.9464
2024-02-07,0.9464
2024-02-08,0.9464
2024-02-09,0.9464
2024-02-10,0.9464
2024-02-11,0.9464
2024-02-12,0.9464
2024-02-13,0.9464
2024-02-14,0.9464
2024-02-15,0.9561999999999999
2024-02-16,0.84275
2024-02-17,0.9464
2024-02-18,0.14825
2024-02-19,0.9464
2024-02-20,0.9464
2024-02-21,0.9464
2024-02-22,0.9464
2024-02-23,0.9464
2024-02-24,0.9464
2024-02-25,0.9464
2024-02-26,0.9464
2024-02-27,0.9464
2024-02-28,0.6538
2024-02-29,-0.012649999999999995
2024-03-01,0.9410000000000001
2024-03-02,0.93425
2024-03-03,0.9464
2024-03-04,0.84675
2024-03-05,0.47856666666666664
2024-03-06,-0.023749999999999993
2024-03-07,0.909
2024-03-08,0.9464
2024-03-09,0.9491499999999999
2024-03-10,0.7853333333333333
2024-03-11,0.9464
2024-03-12,-0.017000000000000015
2024-03-13,0.67335
2024-03-14,0.2966666666666667
2024-03-15,0.4732
2024-03-16,0.5695
2024-03-17,0.83875
2024-03-18,0.9652499999999999
2024-03-19,0.2864333333333334
2024-03-20,0.34865
2024-03-21,0.4732
2024-03-22,0.78415
2024-03-23,0.8548666666666667
2024-03-24,0.35815
2024-03-25,0.9464
2024-03-26,0.9464
2024-03-27,0.9464
2024-03-28,0.9464
2024-03-29,0.9464
2024-03-30,0.9464
2024-03-31,0.9464
2024-04-01,0.9410000000000001
2024-04-02,0.9464
2024-04-03,0.9464
2024-04-04,0.5695
2024-04-05,0.9464
2024-04-06,0.9464
2024-04-07,0.9464
2024-04-08,0.8026
2024-04-09,0.7140666666666666
2024-04-10,0.9464
2024-04-11,0.9464
2024-04-12,0.9464
2024-04-13,0.9464
2024-04-14,0.08146666666666665
2024-04-15,0.9464
2024-04-16,0.9464
2024-04-17,0.9415
2024-04-18,0.9464
2024-04-19,0.9464
2024-04-20,0.03736666666666666
2024-04-21,0.4732
2024-04-22,0.9464
2024-04-23,0.44
2024-04-24,0.9154333333333334
2024-04-25,0.94335
2024-04-26,0.9464
2024-04-27,0.9464
2024-04-28,0.9464
2024-04-29,0.8953
2024-04-30,0.45856666666666673
2024-05-01,0.65418
2024-05-02,0.9464
2024-05-03,0.9464
2024-05-04,0.6363
2024-05-05,0.9464
2024-05-06,0.9464
2024-05-07,0.5271
2024-05-08,0.9647
2024-05-09,0.9464
2024-05-10,0.9464
2024-05-11,0.9464
2024-05-12,0.9464
2024-05-13,0.25096666666666667
2024-05-14,0.9464
2024-05-15,0.032399999999999984
2024-05-16,0.9665666666666667
2024-05-17,0.9464
2024-05-18,0.9464
2024-05-19,0.9464
2024-05-20,0.8321000000000001
2024-05-21,0.9464
2024-05-22,0.9464
2024-05-23,0.9464
2024-05-24,0.7127
2024-05-25,0.9464
2024-05-26,0.7562500000000001
2024-05-27,0.57325
2024-05-28,0.9464
2024-05-29,0.9464
2024-05-30,0.8431500000000001
2024-05-31,0.9464
2024-06-01,0.9410000000000001
2024-06-02,0.9464
2024-06-03,0.9076500000000001
2024-06-04,0.9464
2024-06-05,0.9464
2024-06-06,0.9464
2024-06-07,0.9464
2024-06-08,0.9464
2024-06-09,0.9464
2024-06-10,0.9464
2024-06-11,0.9464
2024-06-12,0.9187000000000001
2024-06-13,0.9464
2024-06-14,0.54975
2024-06-15,0.9464
2024-06-16,0.9464
2024-06-17,0.9464
2024-06-18,0.9464
2024-06-19,0.9464
2024-06-20,0.9464
2024-06-21,0.9464
2024-06-22,0.9464
2024-06-23,0.9464
2024-06-24,0.90375
2024-06-25,0.9464
2024-06-26,0.9464
2024-06-27,0.9464
2024-06-28,0.9464
2024-06-29,0.9464
2024-06-30,0.9464
2024-07-01,0.9410000000000001
2024-07-02,0.9464
2024-07-03,0.9464
2024-07-04,0.9464
2024-07-05,0.7429666666666667
2024-07-06,0.9464
2024-07-07,0.4732
2024-07-08,0.9464
2024-07-09,0.4732
2024-07-10,0.9464
2024-07-11,0.9464
2024-07-12,0.9464
2024-07-13,0.9464
2024-07-14,0.9464
2024-07-15,0.9464
2024-07-16,0.9464
2024-07-17,0.9464
2024-07-18,0.4732
2024-07-19,0.9464
2024-07-20,0.9464
2024-07-21,0.9464
2024-07-22,0.9464
2024-07-23,0.9464
2024-07-24,0.9464
2024-07-25,0.9464
2024-07-26,0.9464
2024-07-27,0.9464
2024-07-28,0.9464
2024-07-29,0.9464
2024-07-30,0.9464
2024-07-31,0.9464
2024-08-01,0.9410000000000001
2024-08-02,0.9464
2024-08-03,0.9464
2024-08-04,0.9464
2024-08-05,0.9464
2024-08-06,0.9464
2024-08-07,0.9464
2024-08-08,-0.010899999999999965
2024-08-09,0.9464
2024-08-10,0.9464
2024-08-11,0.9464
2024-08-12,0.9464
2024-08-13,0.9464
2024-08-14,0.9464
2024-08-15,0.9464
2024-08-16,0.9464
2024-08-17,0.9464
2024-08-18,0.9464
2024-08-19,0.9464
2024-08-20,0.9464
2024-08-21,0.9464
2024-08-22,0.95055
2024-08-23,0.9464
2024-08-24,0.9464
2024-08-25,0.89245
2024-08-26,0.9464
2024-08-27,0.9464
2024-08-28,0.9464
2024-08-29,0.9464
2024-08-30,0.9464
2024-08-31,0.9464
2024-09-01,0.9410000000000001
2024-09-02,0.9464
2024-09-03,0.9464
2024-09-04,0.9464
2024-09-05,0.9464
2024-09-06,0.9464
2024-09-07,0.9464
2024-09-08,0.9464
2024-09-09,0.9464
2024-09-10,0.9464
2024-09-11,0.9464
2024-09-12,0.9464
2024-09-13,0.9464
2024-09-14,0.9464
2024-09-15,0.9464
2024-09-16,0.9464
2024-09-17,0.9464
2024-09-18,0.9464
2024-09-19,0.9464
2024-09-20,0.9464
2024-09-21,0.9464
2024-09-22,0.9464
2024-09-23,0.9464
2024-09-24,0.9464
2024-09-25,0.9464
2024-09-26,0.9464
2024-09-27,0.30410000000000004
2024-09-28,0.9464
2024-09-29,0.9464
2024-09-30,0.9464
2024-10-01,0.6585
2024-10-02,0.9464
2024-10-03,0.9464
2024-10-04,0.5439333333333334
2024-10-05,0.9464
2024-10-06,0.9464
2024-10-07,0.4732
2024-10-08,0.9712000000000001
2024-10-09,0.9464
2024-10-10,0.9464
2024-10-11,0.9464
2024-10-12,0.9464
2024-10-13,0.9464
2024-10-14,0.9464
2024-10-15,0.9464
2024-10-16,0.9464
2024-10-17,0.9464
2024-10-18,0.9464
2024-10-19,0.9464
2024-10-20,0.5182
2024-10-21,0.9464
2024-10-22,0.9464
2024-10-23,0.9464
2024-10-24,0.9464
2024-10-25,0.9464
2024-10-26,0.9464
2024-10-27,0.9464
2024-10-28,0.9464
2024-10-29,0.4732
2024-10-30,0.9464
2024-10-31,0.4732
2024-11-01,0.9410000000000001
2024-11-02,0.9464
2024-11-03,0.9464
2024-11-04,0.9464
2024-11-05,0.90445
2024-11-06,0.9464
2024-11-07,0.9464
2024-11-08,0.6155
2024-11-09,0.4732
2024-11-10,0.4732
2024-11-11,0.4732
2024-11-12,0.9464
2024-11-13,0.9464
2024-11-14,0.9464
2024-11-15,0.9632000000000001
2024-11-16,0.9464
2024-11-17,0.91055
2024-11-18,0.7316666666666668
2024-11-19,0.9464
2024-11-20,0.9464
2024-11-21,0.26245
2024-11-22,0.9774333333333334
2024-11-23,0.9464
2024-11-24,0.504575
2024-11-25,0.8325
2024-11-26,0.9464
2024-11-27,0.9464
2024-11-28,0.30970000000000003
2024-11-29,0.9464
2024-11-30,0.9464
2024-12-01,0.35966666666666663
2024-12-02,0.9464
2024-12-03,0.9216
2024-12-04,0.9464
2024-12-05,0.9464
2024-12-06,0.9464
2024-12-07,0.8869
2024-12-08,0.9102
2024-12-09,0.84445
2024-12-10,0.4732
2024-12-11,0.9464
2024-12-12,0.9464
2024-12-13,0.9464
2024-12-14,0.9464
2024-12-15,0.9464
2024-12-16,0.9466
2024-12-17,0.9464
2024-12-18,0.8612500000000001
2024-12-19,0.8279000000000001
2024-12-20,0.6166666666666667
2024-12-21,0.9464
2024-12-22,0.9464
2024-12-23,0.9464
2024-12-24,0.9464
2024-12-25,0.9464
2024-12-26,0.9464
2024-12-27,0.9464
2024-12-28,0.9464
2024-12-29,0.9725
2024-12-30,0.9464
2024-12-31,0.9464
2025-01-01,0.6234
2025-01-02,0.96925
2025-01-03,0.9464
2025-01-04,0.9464
2025-01-05,0.9464
2025-01-06,0.9464
2025-01-07,0.9464
2025-01-08,0.9464
2025-01-09,0.9464
2025-01-10,0.9464
2025-01-11,0.9464
2025-01-12,0.9464
2025-01-13,0.9279999999999999
2025-01-14,0.95425
2025-01-15,0.9464
2025-01-16,0.8685499999999999
2025-01-17,0.9464
2025-01-18,0.9464
2025-01-19,0.076575
2025-01-20,0.01940000000000003
2025-01-21,0.9464
2025-01-22,0.8929
2025-01-23,0.95555
2025-01-24,0.9464
2025-01-25,0.95965
2025-01-26,0.9464
2025-01-27,0.9464
2025-01-28,0.92395
2025-01-29,0.3721
2025-01-30,0.9464
2025-01-31,0.9464
2025-02-01,0.9022
2025-02-02,0.9642999999999999
2025-02-03,0.9464
2025-02-04,0.9464
2025-02-05,0.9464
2025-02-06,0.9411499999999999
2025-02-07,0.9567
2025-02-08,0.02579999999999999
2025-02-09,0.9464
2025-02-10,0.9464
2025-02-11,0.9464
2025-02-12,0.9464
2025-02-13,0.08274999999999999
2025-02-14,0.9558
2025-02-15,0.9464
2025-02-16,0.9464
2025-02-17,0.9464
2025-02-18,0.9464
2025-02-19,0.9464
2025-02-20,0.9464
2025-02-21,0.9464
2025-02-22,0.7622
2025-02-23,0.07819999999999999
2025-02-24,0.9464
2025-02-25,0.37610000000000005
2025-02-26,0.9464
2025-02-27,0.9464
2025-02-28,0.9464
2025-03-01,0.9410000000000001
2025-03-02,0.9072
2025-03-03,0.9464
2025-03-04,0.9464
2025-03-05,0.4732
2025-03-06,0.9464
2025-03-07,0.9464
2025-03-08,0.9464
2025-03-09,0.03310000000000002
2025-03-10,0.9464
2025-03-11,0.4603
2025-03-12,0.287775
2025-03-13,0.9492
2025-03-14,0.96475
2025-03-15,0.9569000000000001
2025-03-16,0.9464
2025-03-17,0.95645
2025-03-18,0.8752
2025-03-19,0.95375
2025-03-20,0.96885
2025-03-21,0.6089
2025-03-22,0.96095
2025-03-23,0.9464
2025-03-24,0.9582999999999999
2025-03-25,0.9464
2025-03-26,0.8926000000000001
2025-03-27,0.6839500000000001
2025-03-28,0.9464
2025-03-29,0.9464
2025-03-30,0.9464
2025-03-31,0.5975333333333334
2025-04-01,0.9410000000000001
2025-04-02,0.9464
2025-04-03,0.9464
2025-04-04,0.9464
2025-04-05,0.9464
2025-04-06,0.6388333333333334
2025-04-07,0.9464
2025-04-08,0.9464
2025-04-09,0.9464
2025-04-10,0.9464
2025-04-11,0.4474
2025-04-12,0.9464
2025-04-13,0.9464
2025-04-14,0.9464
2025-04-15,0.9464
2025-04-16,0.9464
2025-04-17,0.9464
2025-04-18,0.17187322404371586
